"FREQ","Frequency","REF_AREA","Reference area","Time Period","1927-Q1","1927-Q2","1927-Q3","1927-Q4","1928-Q1","1928-Q2","1928-Q3","1928-Q4","1929-Q1","1929-Q2","1929-Q3","1929-Q4","1930-Q1","1930-Q2","1930-Q3","1930-Q4","1931-Q1","1931-Q2","1931-Q3","1931-Q4","1932-Q1","1932-Q2","1932-Q3","1932-Q4","1933-Q1","1933-Q2","1933-Q3","1933-Q4","1934-Q1","1934-Q2","1934-Q3","1934-Q4","1935-Q1","1935-Q2","1935-Q3","1935-Q4","1936-Q1","1936-Q2","1936-Q3","1936-Q4","1937-Q1","1937-Q2","1937-Q3","1937-Q4","1938-Q1","1938-Q2","1938-Q3","1938-Q4","1939-Q1","1939-Q2","1939-Q3","1939-Q4","1940-Q1","1940-Q2","1940-Q3","1940-Q4","1941-Q1","1941-Q2","1941-Q3","1941-Q4","1942-Q1","1942-Q2","1942-Q3","1942-Q4","1943-Q1","1943-Q2","1943-Q3","1943-Q4","1944-Q1","1944-Q2","1944-Q3","1944-Q4","1945-Q1","1945-Q2","1945-Q3","1945-Q4","1946-Q1","1946-Q2","1946-Q3","1946-Q4","1947-Q1","1947-Q2","1947-Q3","1947-Q4","1948-Q1","1948-Q2","1948-Q3","1948-Q4","1949-Q1","1949-Q2","1949-Q3","1949-Q4","1950-Q1","1950-Q2","1950-Q3","1950-Q4","1951-Q1","1951-Q2","1951-Q3","1951-Q4","1952-Q1","1952-Q2","1952-Q3","1952-Q4","1953-Q1","1953-Q2","1953-Q3","1953-Q4","1954-Q1","1954-Q2","1954-Q3","1954-Q4","1955-Q1","1955-Q2","1955-Q3","1955-Q4","1956-Q1","1956-Q2","1956-Q3","1956-Q4","1957-Q1","1957-Q2","1957-Q3","1957-Q4","1958-Q1","1958-Q2","1958-Q3","1958-Q4","1959-Q1","1959-Q2","1959-Q3","1959-Q4","1960-Q1","1960-Q2","1960-Q3","1960-Q4","1961-Q1","1961-Q2","1961-Q3","1961-Q4","1962-Q1","1962-Q2","1962-Q3","1962-Q4","1963-Q1","1963-Q2","1963-Q3","1963-Q4","1964-Q1","1964-Q2","1964-Q3","1964-Q4","1965-Q1","1965-Q2","1965-Q3","1965-Q4","1966-Q1","1966-Q2","1966-Q3","1966-Q4","1967-Q1","1967-Q2","1967-Q3","1967-Q4","1968-Q1","1968-Q2","1968-Q3","1968-Q4","1969-Q1","1969-Q2","1969-Q3","1969-Q4","1970-Q1","1970-Q2","1970-Q3","1970-Q4","1971-Q1","1971-Q2","1971-Q3","1971-Q4","1972-Q1","1972-Q2","1972-Q3","1972-Q4","1973-Q1","1973-Q2","1973-Q3","1973-Q4","1974-Q1","1974-Q2","1974-Q3","1974-Q4","1975-Q1","1975-Q2","1975-Q3","1975-Q4","1976-Q1","1976-Q2","1976-Q3","1976-Q4","1977-Q1","1977-Q2","1977-Q3","1977-Q4","1978-Q1","1978-Q2","1978-Q3","1978-Q4","1979-Q1","1979-Q2","1979-Q3","1979-Q4","1980-Q1","1980-Q2","1980-Q3","1980-Q4","1981-Q1","1981-Q2","1981-Q3","1981-Q4","1982-Q1","1982-Q2","1982-Q3","1982-Q4","1983-Q1","1983-Q2","1983-Q3","1983-Q4","1984-Q1","1984-Q2","1984-Q3","1984-Q4","1985-Q1","1985-Q2","1985-Q3","1985-Q4","1986-Q1","1986-Q2","1986-Q3","1986-Q4","1987-Q1","1987-Q2","1987-Q3","1987-Q4","1988-Q1","1988-Q2","1988-Q3","1988-Q4","1989-Q1","1989-Q2","1989-Q3","1989-Q4","1990-Q1","1990-Q2","1990-Q3","1990-Q4","1991-Q1","1991-Q2","1991-Q3","1991-Q4","1992-Q1","1992-Q2","1992-Q3","1992-Q4","1993-Q1","1993-Q2","1993-Q3","1993-Q4","1994-Q1","1994-Q2","1994-Q3","1994-Q4","1995-Q1","1995-Q2","1995-Q3","1995-Q4","1996-Q1","1996-Q2","1996-Q3","1996-Q4","1997-Q1","1997-Q2","1997-Q3","1997-Q4","1998-Q1","1998-Q2","1998-Q3","1998-Q4","1999-Q1","1999-Q2","1999-Q3","1999-Q4","2000-Q1","2000-Q2","2000-Q3","2000-Q4","2001-Q1","2001-Q2","2001-Q3","2001-Q4","2002-Q1","2002-Q2","2002-Q3","2002-Q4","2003-Q1","2003-Q2","2003-Q3","2003-Q4","2004-Q1","2004-Q2","2004-Q3","2004-Q4","2005-Q1","2005-Q2","2005-Q3","2005-Q4","2006-Q1","2006-Q2","2006-Q3","2006-Q4","2007-Q1","2007-Q2","2007-Q3","2007-Q4","2008-Q1","2008-Q2","2008-Q3","2008-Q4","2009-Q1","2009-Q2","2009-Q3","2009-Q4","2010-Q1","2010-Q2","2010-Q3","2010-Q4","2011-Q1","2011-Q2","2011-Q3","2011-Q4","2012-Q1","2012-Q2","2012-Q3","2012-Q4","2013-Q1","2013-Q2","2013-Q3","2013-Q4","2014-Q1","2014-Q2","2014-Q3","2014-Q4","2015-Q1","2015-Q2","2015-Q3","2015-Q4","2016-Q1","2016-Q2","2016-Q3","2016-Q4","2017-Q1","2017-Q2","2017-Q3","2017-Q4","2018-Q1","2018-Q2","2018-Q3","2018-Q4"
"Q","Quarterly","AU","Australia","Q:AU","","","","","","","","","","","","","","","","","","","","","","","","","","","","","","","","","","","","","","","","","","","","","","","","","","","","","","","","","","","","","","","","","","","","","","","","","","","","","","","","","","","","","","","","","","","","","","","","","","","","","","","","","","","","","","","","","","","","","","","","","","","","","","","","","","","","","","","","","","","","","","","","","","","","","","","","","","","","","","","","","","","","","","","","","","","","","9.8398","10.0197","10.2997","10.6197","10.9197","11.1697","11.5097","11.9497","12.2097","12.4197","12.7697","13.4597","13.8397","14.6596","15.8496","16.9496","18.0495","18.6595","18.8795","19.3295","19.7195","20.5395","21.1195","21.7395","22.5794","23.1094","23.0794","23.8294","24.4494","25.0294","25.1094","25.5694","26.2493","26.1693","26.2993","26.5893","28.0193","29.7793","30.4392","30.9692","31.6592","33.2792","34.3391","35.4991","37.7591","38.999","38.269","40.079","39.649","40.869","40.149","39.979","41.029","42.4689","42.1989","44.1389","45.5889","46.6588","48.5988","48.5388","51.0087","51.5187","52.6987","53.4687","54.6486","56.1286","54.5886","55.2186","55.8386","56.4586","57.4286","60.1885","62.8484","66.2183","72.6982","79.978","86.4578","88.1478","88.1478","88.4178","88.8578","89.6578","88.8578","89.3878","89.2978","90.3677","93.1177","93.1177","92.4977","92.7677","92.8477","93.7377","94.6276","95.2476","95.3376","96.2276","97.2876","98.4475","99.9575","99.5075","100.4875","99.7775","99.9575","99.7775","99.5975","100.8375","101.1975","101.4575","102.3474","103.6774","105.5474","107.5873","110.2472","112.6472","112.6472","114.5071","116.5571","119.217","121.437","125.4269","127.7368","130.7567","130.5767","133.6867","136.6166","141.4965","148.8663","154.4561","160.316","169.8558","176.9356","183.3954","188.3153","198.475","210.1547","218.0738","217.1601","215.0279","215.0279","218.6829","218.3784","219.9011","219.5966","223.8607","226.2971","234.5207","238.7848","243.0486","245.1808","256.1454","265.2824","275.3333","276.5516","274.1151","268.0237","264.3687","263.7596","274.7242","286.298","302.1358","311.5773","317.669","313.7095","315.5368","312.7958","310.6636","305.1813","302.7449","304.5722","305.7904","305.1813","311.8822","314.0141","321.9328","329.8519","342.9484","347.8216","354.5221","358.7862","366.0958","371.8827","389.2433","397.1624","397.7715","397.1624","405.0811","411.1725","428.2286","437.6704","446.1983","445.2846","449.5487","446.5028","443.4573","436.7567",""
"Q","Quarterly","BE","Belgium","Q:BE","","","","","","","","","","","","","","","","","","","","","","","","","","","","","","","","","","","","","","","","","","","","","","","","","","","","","","","","","","","","","","","","","","","","","","","","","","","","","","","","","","","","","","","","","","","","","","","","","","","","","","","","","","","","","","","","","","","","","","","","","","","","","","","","","","","","","","","","","","","","","","","","","","","","","","","","","","","","","","","","","","","","","","","","","","","","","19.81","19.91","19.68","18.91","19.18","19.46","19.67","19.39","20.17","20.97","21.7","21.68","22.63","23.61","24.48","24.77","25.4","27.5","28.64","28.28","30.19","31.21","32.1","33.32","36.69","37.49","39.11","40.38","42.27","43.56","45.41","47.67","48.29","48.94","51.04","51.54","53.14","53.55","55.19","54.78","56.31","54.89","54.64","52.57","52.35","51.7","51.62","50.88","49.25","48.89","50.86","49.97","49.03","48.72","49.23","48.76","49.38","49.69","50.62","50.01","50.09","49.64","51.61","51.32","51.38","52.01","54.71","54.01","55.44","55.46","57.45","57.34","58.31","60.16","62.37","63","66.13","67.87","70.51","73.13","75.58","75.4","77.62","78.5","78.96","77.78","81.18","82.23","83.4","85.44","86.28","86.38","86.87","89.33","90.22","93.22","93.36","94.8","97.37","97.16","98.01","98.62","101.42","101.95","99.9","101.24","103.36","104.16","100.14","103.83","107.09","107.4","108.51","108.99","113.85","113.71","115.96","118.15","122.27","120.3","123.99","124.5","126.25","127.82","129.71","130.89","133.19","133.06","136.05","138.56","142.12","143.84","146.07","147.49","151.5","154.14","158.29","159.09","165.09","168.78","176.44","180.3902","186.8218","190.5187","194.2157","199.508","205.2813","206.8512","211.7382","215.9416","220.0436","220.9045","223.0568","226.2221","229.4632","228.197","225.2346","223.0568","228.2731","226.1207","228.6022","230.7293","235.1353","236.5278","238.1992","240.3768","245.1118","244.7068","246.4538","246.6817","249.4672","247.4414","249.0113","249.6697","252.759","250.252","245.6183","247.3148","250.5814","252.6577","246.6312","252.1005","257.646","256.4811","254.6328","257.646","264.1283","263.1915","265.9009","265.04","273.9277","272.5349","272.6364","275.3205","281.0431",""
"Q","Quarterly","CA","Canada","Q:CA","","","","","","","","","","","","","","","","","","","","","","","","","","","","","","","","","","","","","","","","","","","","","","","","","","","","","","","","","","","","","","","","","","","","","","","","","","","","","","","","","","","","","","","","","","","","","","","","","","","","","","","","","","","","","","","","","","","","","","","","","","","","","","","","","","","","","","","","","","","","","","","","","","","","","","","","","","","","","","","","","","","","","","","","","","","","","14.55","14.55","14.67","15.09","15.21","15.39","15.33","16.11","16.46","16.46","16.7","17.48","18.38","19.34","20.78","22.75","25.15","26.28","26.04","26.1","27.48","28.38","29.28","30.48","31.79","32.15","32.21","33.41","33.71","33.83","33.71","34.67","34.55","35.56","35.5","37.18","38.44","39.28","39.1","40.83","41.43","43.11","44.88","47.72","49.54","49.92","51.19","51.92","49.81","47.72","46.82","47.83","51.1","51.07","50.42","50.6","50.55","50.84","49.9","50.52","51.58","52.78","53.04","55.29","58.51","61.46","62.51","66.82","72.45","71.58","71.58","75.5","82.49","84.25","85.09","92.01","101.25","92.52","94.7","100.12","98.33","91.75","92.24","92.98","97.47","100.93","95.25","96.4","98","98.76","99","101.14","102.01","102.01","99.76","100.99","105.53","104.65","103","104.23","101.42","98.84","99.79","99.95","98.74","100.86","99.47","100.04","101.22","103.77","101.96","101.83","100.88","101.75","99.73","101.15","101.66","105.64","104.72","106.24","106.76","108.84","108.61","109.75","109.45","114.15","114.47","115.97","121.06","125.82","124.76","128.72","131.49","135.82","138.7","142.77","145.19","151.9","148.33","154.02","159.0852","163.338","166.6457","169.6384","176.0963","186.0194","193.4224","196.5726","202.873","212.1661","216.8914","216.8914","219.4116","221.7742","218.4665","211.8511","204.9206","207.7558","213.7412","219.0965","226.027","229.6497","227.2871","226.027","230.1223","235.7926","237.6827","237.3677","240.6754","246.3458","246.3458","244.9282","246.5033","252.3312","254.2213","255.1664","259.8917","266.5071","268.5547","269.8148","273.7525","280.8405","285.0933","287.9285","296.434","313.9176","325.1008","329.8261","346.0497","368.1011","360.5406","358.6505","364.6359","371.7238","369.5187",""
"Q","Quarterly","CH","Switzerland","Q:CH","","","","","","","","","","","","","","","","","","","","","","","","","","","","","","","","","","","","","","","","","","","","","","","","","","","","","","","","","","","","","","","","","","","","","","","","","","","","","","","","","","","","","","","","","","","","","","","","","","","","","","","","","","","","","","","","","","","","","","","","","","","","","","","","","","","","","","","","","","","","","","","","","","","","","","","","","","","","","","","","","","","","","","","","","","","","","33.2404","33.0571","34.128","34.1953","36.5641","36.4705","38.1002","38.8191","40.4089","42.9399","44.9371","47.2073","50.7305","50.3237","51.3787","50.647","50.4168","50.5344","50.8999","50.5326","48.6388","48.0262","47.5507","47.3353","46.2724","46.5196","46.0154","47.4216","47.3958","47.844","48.8656","48.7088","48.1836","49.3875","50.2438","51.7797","52.4423","52.4575","54.552","56.1964","58.4978","57.5407","58.8094","59.9171","62.4091","64.1916","64.6815","65.7468","67.4068","66.806","67.2791","68.2775","68.5074","69.5629","71.419","72.4112","73.496","75.1176","75.1256","75.6442","78.1821","77.7208","79.0319","79.8889","82.8488","81.9077","83.7028","84.3406","86.7496","88.6285","90.3604","92.4213","95.9603","98.7528","102.7679","107.436","110.5019","111.7785","113.314","115.8916","116.2177","116.2391","115.268","113.0342","112.5025","113.2979","115.9373","113.0737","111.6748","110.2777","107.3488","106.0494","104.5704","104.8723","102.6243","102.8021","104.4538","104.0984","103.5839","101.9945","101.3993","100.821","99.7899","97.9898","96.5491","96.1947","95.9913","93.2575","92.6726","91.609","91.746","90.7598","91.03","90.5056","90.8678","90.3867","90.9073","90.5885","90.4808","90.7536","90.4697","91.435","92.6995","92.4608","93.2681","94.0415","95.1925","95.75","98.2098","99.3314","101.131","102.6704","103.8861","104.7295","105.8343","105.2857","106.1466","107.4495","108.2845","108.0826","108.3116","108.681","109.9383","110.0697","110.8879","111.0086","111.5387","112.0907","113.5751","113.4316","113.9175","114.7398","115.4771","117.3921","118.6169","119.491","121.7478","123.663","125.218","127.3231","128.4935","129.7287","131.062","133.3311","134.5637","135.6396","136.261","139.5024","141.947","140.4928","142.9844","144.778","146.5339","147.7535","148.8252","149.9061","149.7459","150.8065","151.3924","151.548","152.9705","153.6829","153.7814","154.516","154.7206","154.7948","155.8899","156.5623","157.4492","157.6445","157.1535","157.8075","157.1838","156.6814","157.3336","156.4416"
"Q","Quarterly","DE","Germany","Q:DE","","","","","","","","","","","","","","","","","","","","","","","","","","","","","","","","","","","","","","","","","","","","","","","","","","","","","","","","","","","","","","","","","","","","","","","","","","","","","","","","","","","","","","","","","","","","","","","","","","","","","","","","","","","","","","","","","","","","","","","","","","","","","","","","","","","","","","","","","","","","","","","","","","","","","","","","","","","","","","","","","","","","","","","","","","","","","35.8709","37.4884","37.869","38.3447","39.5817","41.4846","42.0555","42.1507","43.007","44.0536","44.5294","44.8148","45.4809","47.5741","48.0499","48.0499","49.0965","51.0946","51.5704","51.2849","51.4796","52.1056","52.1457","52.0768","52.1698","52.9094","53.28","54.0208","54.5946","55.7312","56.5726","57.2793","58.3032","59.6471","60.8524","61.761","62.9846","65.2542","66.577","67.0902","68.3296","69.9723","70.9002","72.1819","73.4531","75.6077","76.1872","75.9532","75.9648","76.0589","76.0416","75.8429","75.8869","76.4158","76.5388","75.8253","75.1165","74.7355","74.2941","74.05","73.8884","73.647","73.8037","73.7991","73.8754","74.2748","74.0984","73.6524","73.2929","73.2593","73.224","73.4538","73.683","74.396","74.9212","75.1767","75.6735","76.3314","77.419","78.6413","80.7415","82.9172","84.0352","84.38","85.2098","86.8477","87.6183","88.4226","89.7905","91.2376","92.2949","92.7171","93.9451","95.0914","95.9435","96.6801","97.7318","99.1025","99.6932","99.6303","99.8927","100.3179","100.0515","99.7379","99.2644","98.8734","98.5527","97.9788","97.5701","97.0824","96.8087","96.3506","95.9756","96.0865","95.9476","95.9744","95.9194","96.0253","96.143","96.2729","96.4828","96.6919","96.748","96.7285","96.7092","96.69","96.6009","96.2758","96.1949","96.1148","95.864","95.4375","95.1763","94.8362","94.401","93.8666","93.4158","93.6141","93.3051","92.976","92.8937","92.4098","92.2657","92.3144","91.349","92.7793","93.5422","92.5886","92.1118","92.0165","92.5886","92.7793","94.7818","95.6399","95.2585","95.926","95.6399","94.4003","94.4003","94.7818","94.0189","95.1632","95.926","96.3074","96.7842","97.1656","98.3098","98.4052","99.2634","100.503","100.8844","101.6472","102.4101","103.5543","104.5079","104.0311","104.7939","106.8917","107.4638","107.4638","109.2755","111.564","112.1362","113.7572","114.52","117.8574","119.5738","121.5762","120.3366","122.8158","124.8182","127.1067","126.916","128.8231","131.493",""
"Q","Quarterly","DK","Denmark","Q:DK","","","","","","","","","","","","","","","","","","","","","","","","","","","","","","","","","","","","","","","","","","","","","","","","","","","","","","","","","","","","","","","","","","","","","","","","","","","","","","","","","","","","","","","","","","","","","","","","","","","","","","","","","","","","","","","","","","","","","","","","","","","","","","","","","","","","","","","","","","","","","","","","","","","","","","","","","","","","","","","","","","","","","","","","","","","","","19.4405","19.4405","19.4405","19.4405","21.1805","21.3605","21.9805","23.1206","24.4506","25.6006","25.7706","26.9207","28.1607","28.9507","30.3608","31.1608","31.1608","30.1008","30.4508","32.6608","34.8609","36.1009","37.7809","37.8609","39.011","39.451","40.251","41.921","42.1011","44.7511","46.4312","48.8112","50.4913","52.5213","53.8413","54.3714","55.6914","58.2515","59.1415","59.0515","57.9914","56.2214","57.1914","57.2814","56.9314","54.6314","52.6913","53.6613","53.2213","53.6613","52.4313","53.6613","58.2515","65.5816","66.4617","68.4017","72.2918","73.7918","74.5819","77.9319","81.022","84.7321","90.7323","92.9423","98.2425","98.5925","96.0324","97.4424","91.0023","90.8223","90.2023","89.3222","90.5623","90.2923","91.9723","92.6723","91.7923","91.9723","90.2023","88.8822","84.8221","85.1721","83.0521","82.5221","84.2021","85.2621","84.9121","85.5321","84.9521","84.9521","83.3321","81.182","80.112","79.572","83.3321","88.1722","93.2823","93.2823","91.9423","93.2823","95.4324","98.9225","101.3425","104.3026","105.9126","108.6027","111.8328","116.4029","119.353","122.5831","125.2731","126.6132","129.0332","134.4134","136.2934","138.4435","140.5935","142.7436","145.4336","145.7036","147.8537","151.8838","155.3839","156.7239","159.684","161.834","163.7141","162.3741","164.7841","168.0142","169.0942","169.0942","168.6728","172.2853","175.3419","175.8977","181.7332","189.7917","195.905","200.629","209.799","220.9142","237.8648","253.4261","271.4882","287.8831","293.7186","290.6619","291.7734","295.6637","296.2195","290.6619","286.7716","287.8831","280.3804","258.4279","242.033","245.0897","247.0348","245.9233","247.5906","252.8703","254.8155","252.3145","249.8136","255.3712","247.0348","238.1427","238.1427","241.7551","242.5888","241.4772","244.5339","253.4261","253.4261","249.8136","253.4261","263.1518","261.7625","260.6509","270.3767","279.5467","280.6583","280.6583","286.2158","293.4407","297.331","292.6071","298.9983","307.0568","311.225","305.3895","316.7826","321.2287","322.3402",""
"Q","Quarterly","ES","Spain","Q:ES","","","","","","","","","","","","","","","","","","","","","","","","","","","","","","","","","","","","","","","","","","","","","","","","","","","","","","","","","","","","","","","","","","","","","","","","","","","","","","","","","","","","","","","","","","","","","","","","","","","","","","","","","","","","","","","","","","","","","","","","","","","","","","","","","","","","","","","","","","","","","","","","","","","","","","","","","","","","","","","","","","","","","","","","","","","","","","","","","4.42","4.57","4.62","4.67","4.61","4.77","4.91","5.04","5.54","5.5","5.97","6.34","7","7.82","8.15","8.17","8.17","8.46","8.57","8.73","8.93","9.85","10.35","10.72","11.84","13.09","14.15","15.42","16.76","18.04","18.66","18.86","18.92","18.9","19.24","19.05","19.85","20.15","20.1","19.83","20.47","21.07","20.83","20.3","20.81","21.17","21.42","22.02","24.43","25.55","25.91","26.05","26.99","27.43","27.52","27.73","29.39","30.11","30.43","30.76","31.81","33.3","35.49","38.61","43.81","46.64","49.11","52.22","55.78","58.91","61.11","63.94","69","72.56","75.97","78.04","83.18","84.59","86.25","87.74","92.7","96.4","98.65","102.95","98.3","96.07","95.78","95.31","94.52","95.94","96.67","96.81","95.92","96.23","97.38","97.11","98.67","99.9","100.56","100.87","101.25","101.97","102.03","102.22","102.42","103.22","103.76","104.54","104.93","107.24","109.4","111.61","115","118.84","122.08","122.23","126.21","129.75","131.52","131.67","137.12","141.84","144.94","146.41","155.11","164.69","168.53","171.77","181.35","193.15","198.31","203.47","214.68","226.91","231.63","238.56","248.44","258.47","262.74","268.93","278.9305","290.8661","300.3667","308.1498","315.5416","324.5639","328.064","325.7162","324.5203","323.6726","318.5201","308.6933","300.4535","299.1059","296.388","295.1925","291.4965","296.2359","291.3443","291.0182","281.1265","277.7566","267.843","253.9291","241.2543","233.4276","224.7098","221.5575","210.3392","208.6654","210.274","207.6217","206.9697","210.4045","210.8611","211.2741","210.1655","218.8616","220.3181","220.2529","223.3618","227.2968","229.1667","229.9711","235.2321","239.9933","244.4285","246.5154","249.9288","256.3205","261.9296",""
"Q","Quarterly","FI","Finland","Q:FI","","","","","","","","","","","","","","","","","","","","","","","","","","","","","","","","","","","","","","","","","","","","","","","","","","","","","","","","","","","","","","","","","","","","","","","","","","","","","","","","","","","","","","","","","","","","","","","","","","","","","","","","","","","","","","","","","","","","","","","","","","","","","","","","","","","","","","","","","","","","","","","","","","","","","","","","","","","","","","","","","","","","","","","","","","","","","17.0296","17.3296","17.4496","17.7996","18.0595","17.8296","18.4595","18.6695","19.4295","19.7095","19.7995","20.7795","22.2794","24.7194","26.2093","27.4293","28.9393","30.4792","30.8492","31.3392","31.1492","31.4292","31.6692","32.8792","33.3892","33.1392","33.9692","34.3691","34.2791","34.9791","34.6891","34.6891","35.6191","36.2991","35.7491","36.1491","36.5891","37.0691","37.7491","39.259","41.349","42.5889","44.2489","44.6489","47.5088","48.4988","50.5387","51.6987","55.9886","57.6686","59.2885","62.0684","67.6183","69.2483","72.2182","75.1181","78.368","78.728","80.418","80.848","83.1779","83.1079","82.5479","83.2479","86.0078","85.3779","86.1478","88.2078","90.8877","93.9277","97.1176","103.4774","116.2871","122.8569","133.4667","146.6963","158.296","161.406","159.996","156.0361","152.4962","152.8562","150.3762","145.2864","135.5966","133.6167","127.5268","120.737","117.3471","111.1872","103.3374","97.6776","96.2676","96.9076","97.6076","100.8675","103.3374","105.0374","103.9774","102.7074","101.9275","100.8675","98.8875","98.3175","100.0875","103.6274","107.0173","111.1872","119.187","123.2869","125.1969","128.0268","131.9867","135.2366","138.8465","140.2665","142.3864","146.2763","151.5062","154.9761","157.7361","159.996","156.8861","154.6161","155.0461","156.5961","155.8961","156.5961","162.5459","167.9158","169.8958","170.2557","173.2957","176.8256","180.4355","182.8454","187.7253","192.1052","192.3252","193.3852","197.7251","203.4091","207.4692","211.5293","212.9503","217.0104","219.6494","223.1004","226.3485","230.0026","232.2356","232.2356","233.8596","236.2957","233.0476","223.1004","221.0704","227.7695","234.0626","238.8017","244.3307","246.4371","249.07","249.07","252.2294","256.9687","256.1788","254.8623","259.0748","261.7078","261.7078","262.2344","264.0775","265.1304","264.604","263.0243","263.5509","264.604","263.2876","261.7078","262.761","263.8142","263.5509","263.0243","262.761","265.9203","264.8673","264.3408","268.0267","270.3963","268.8165","267.5001","267.7634","272.2392","",""
"Q","Quarterly","FR","France","Q:FR","","","","","","","","","","","","","","","","","","","","","","","","","","","","","","","","","","","","","","","","","","","","","","","","","","","","","","","","","","","","","","","","","","","","","","","","","","","","","","","","","","","","","","","","","","","","","","","","","","","","","","","","","","","","","","","","","","","","","","","","","","","","","","","","","","","","","","","","","","","","","","","","","","","","","","","","","","","","","","","","","","","","","","","","","","","","","14.66","14.93","15.28","15.24","15.24","15.68","16.31","16.46","16.55","17.07","17.81","18.03","18.16","18.8","19.72","20.15","20.68","21.59","22.75","23.19","23.29","24.14","25.34","25.96","26.56","27.95","29.58","30.32","30.89","32.27","33.99","34.69","35.03","36.16","37.67","38.33","38.86","40.47","42.84","44.36","46.15","48.88","51.89","52.65","53.16","54.75","56.74","56.83","56.6","57.87","59.75","59.69","59.42","60.8","62.85","62.79","62.3","63.33","64.97","64.84","64.26","65.37","67.14","67.09","66.92","68.28","70.29","70.64","70.74","72.76","75.75","76.52","77.33","80.27","84.35","85.78","87.14","90.34","94.33","95.43","95.86","98.68","102.32","102.7","102.71","104.85","107.17","105.59","102.65","102.37","103.46","101.83","100.19","100.69","102.4","101.14","99.62","100.6","102.39","101.08","98.83","99.59","101.42","100.16","99.11","100.3246","102.2679","101.7821","97.8954","100.8104","101.7821","101.2963","99.5958","102.025","104.4542","103.9683","105.4258","108.0979","112.4704","112.7133","114.4138","117.7718","121.8494","121.3697","122.8089","126.6467","130.2446","130.7243","131.9236","136.481","141.9978","143.4369","146.3153","151.8321","158.3083","160.9468","166.2238","172.9399","181.335","185.6525","191.4092","199.5644","208.919","212.9967","217.7939","224.51","231.7058","233.6247","235.3038","239.3814","244.8982","246.5772","244.8982","245.6178","246.3374","237.9422","229.0674","225.9492","229.5471","230.2667","231.9457","236.7429","243.459","246.3374","247.7765","252.8136","258.0906","255.4521","252.094","252.3339","254.0129","250.415","247.2968","246.8171","248.9758","246.3374","243.459","243.9388","245.6178","240.8206","238.4219","238.6618","242.0199","240.101","239.1415","240.3408","245.6178","244.1786","245.6178","248.0164","253.5332","252.094","252.8136","254.9724","260.729",""
"Q","Quarterly","GB","United Kingdom","Q:GB","","","","","","","","","","","","","","","","","","","","","","","","","","","","","","","","","","","","","","","","","","","","","","","","","","","","","","","","","","","","","","","","","","","","","","","","","","","","","","","","","","","","","","","","","","","","","","","","","","","","","","","","","","","","","","","","","","","","","","","","","","","","","","","","","","","","","","","","","","","","","","","","","","","","","","","","","","","","","","","","","","","","","","6.5099","6.6908","6.6908","6.6908","6.8716","6.8716","7.0524","7.0524","7.0524","7.4141","7.4141","7.5949","7.7758","8.3183","8.6799","9.2224","10.1266","11.5732","12.4774","13.9241","14.6474","15.5515","15.7324","15.9132","15.9132","16.094","16.2749","16.4557","16.8174","17.3599","17.5407","17.9024","18.4448","18.8065","19.1682","19.1682","19.5298","20.0723","20.7957","21.1573","22.2423","23.689","25.4973","26.7631","28.9331","31.1031","33.0922","34.5389","35.8047","37.2514","37.4322","37.4322","38.5172","39.0597","38.3363","37.4322","39.0597","39.9638","40.5063","41.7722","43.2188","45.0271","45.3888","45.7505","47.1971","49.0054","49.7288","49.7288","51.5371","52.6221","54.4304","55.5154","58.047","60.5787","62.387","64.1953","67.0886","70.3436","74.6835","77.7577","82.4593","93.3092","99.0958","101.2658","104.8825","108.4991","106.3291","104.1591","103.255","105.0633","103.4358","101.9892","101.6275","103.6166","102.7125","101.085","98.5533","98.915","95.1175","95.66","96.3834","98.3725","96.5642","97.6492","98.915","100.7233","100","99.0958","100.1808","101.085","99.6383","101.085","101.2658","105.2441","107.0524","108.4991","110.6691","116.2749","115.5515","118.4448","124.774","130.1989","129.4756","130.3797","135.8047","143.7613","147.5588","151.1754","159.4937","162.5678","167.2694","166.5461","172.5136","178.6618","175.0452","180.8318","195.66","208.8608","219.1682","223.1465","230.0181","236.3472","241.2297","243.3996","257.6854","269.0778","270.8861","265.3109","273.0157","279.7154","280.0504","282.0604","292.78","301.8247","307.5195","311.8743","323.9339","332.9786","332.6436","323.5989","321.589","308.8594","288.4251","273.6856","277.3705","288.0902","293.785","294.7899","300.1497","304.5046","297.8048","292.445","294.7899","298.1398","294.12","291.1051","296.4649","299.8148","297.1348","295.1249","301.1547","308.5245","310.1994","314.2193","325.6089","335.9935","336.6635","335.6585","342.6933","354.0829","358.4378","362.1226","370.1624","377.8671","377.5321","378.2021","386.5768","395.2865","394.9515","393.9465","398.9714","407.3461",""
"Q","Quarterly","HK","Hong Kong SAR","Q:HK","","","","","","","","","","","","","","","","","","","","","","","","","","","","","","","","","","","","","","","","","","","","","","","","","","","","","","","","","","","","","","","","","","","","","","","","","","","","","","","","","","","","","","","","","","","","","","","","","","","","","","","","","","","","","","","","","","","","","","","","","","","","","","","","","","","","","","","","","","","","","","","","","","","","","","","","","","","","","","","","","","","","","","","","","","","","","","","","","","","","","","","","","","","","","","","","","","","","","","","","","","","","","","","","","","","","15.3774","17.1482","17.1482","18.9189","20.876","22.6468","22.74","22.9264","22.4604","20.9692","20.2237","19.1985","18.1733","17.2414","17.3346","16.6822","15.8434","16.3094","16.4026","15.5638","15.7502","16.4026","17.2414","18.2665","18.9189","19.0121","19.1985","20.1305","21.1556","22.9264","24.4175","25.2563","25.4427","26.3747","28.7046","30.7549","32.8984","36.7195","38.0242","36.5331","38.5834","39.8882","40.7269","42.2181","44.082","46.2255","52.1901","61.0438","68.2199","74.1845","80.8947","82.6654","79.8695","79.3103","84.84","91.2395","91.3638","105.219","108.8226","108.046","106.2752","104.287","102.827","97.2352","95.6508","101.429","105.8093","108.7916","119.7888","142.653","155.7316","157.9994","151.7241","130.1646","116.3094","96.6139","93.352","95.5266","95.4334","92.9481","88.7853","90.1833","83.9391","81.3917","78.4405","75.4893","75.6757","73.2836","68.8102","68.7791","67.2569","63.964","60.671","58.4654","55.7627","55.2656","59.9876","68.5927","71.9478","72.507","77.6949","83.7838","88.1019","87.0457","84.0012","85.2749","86.8903","86.4244","86.9525","89.9969","93.4452","96.9556","105.5297","116.5269","117.3346","114.8493","100.6524","100.6834","109.1022","118.484","123.8583","131.2209","136.471","143.616","151.2582","163.2184","173.1283","172.6002","169.7111","172.6623","188.5057","197.173","210.5002","221.311","224.7592","228.922","228.4871","227.6173","230.7238","243.5228","255.6695","269.5247","278.8133","284.2808","273.5943","255.9491","256.384","268.8102","285.306","293.5384","310.6865","316.2473","324.3554","339.5154","357.7198","366.2007","343.2122"
"Q","Quarterly","IE","Ireland","Q:IE","","","","","","","","","","","","","","","","","","","","","","","","","","","","","","","","","","","","","","","","","","","","","","","","","","","","","","","","","","","","","","","","","","","","","","","","","","","","","","","","","","","","","","","","","","","","","","","","","","","","","","","","","","","","","","","","","","","","","","","","","","","","","","","","","","","","","","","","","","","","","","","","","","","","","","","","","","","","","","","","","","","","","","","","","","","","","7.61","7.61","8.01","8.47","8.35","8.29","9.15","9.85","9.51","9.33","9.85","10.37","10.36","10.58","10.65","10.83","11.58","12.33","13.1","14.34","15.24","16.08","17.21","18.02","18.9","19.11","20.16","22.22","21.99","22.76","25.2","25.99","28.71","30.4","32.54","32.46","34.85","37.98","39.21","39.01","41.7","42.75","46.58","48.82","49.46","49.84","53.39","54.84","55.3","55.43","57.15","57.97","57.22","55.55","58.43","56.78","57.73","57","59.45","58.95","58.57","58.14","60.48","61.85","60.53","60.61","63.58","62.71","61.55","59.49","63.47","66.81","65.43","63.93","68.29","70.59","72.9","70.1","75.96","81","83.83","81.06","86.59","84.86","85.93","81.4","86.49","89.58","89.37","86.15","89.83","89.97","87.18","87.65","92.01","90.47","93.64","90.31","91.98","97.27","99.69","96.04","100.12","104.15","104.61","106.12","117.88","119.26","119.72","126.04","135.05","145.24","151.1","154.45","161.53","176.17","182.53","178.96","196.45","205.11","206.07","209.7","219.74","233.48","234.68","235.27","231.96","234.98","243.58","246.7","258.34","268.33","274.32","278.81","292.23","305.69","305.33","308.58","323.34","340.18","339.18","346.3632","359.8314","375.657","382.5034","397.6554","421.5618","430.7653","438.285","439.8564","439.2951","436.8261","427.6226","415.9501","404.8386","384.0746","357.1378","332.5579","318.7528","311.3451","300.6827","290.4691","281.939","269.5931","257.247","244.003","229.4124","216.6172","206.9649","202.1388","204.4956","206.1793","200.2305","200.3428","211.6788","217.7396","221.219","233.5649","252.4209","260.2774","259.9406","265.7768","274.307","278.3475","279.3576","282.5003","294.7342","302.1416","305.6211","312.3552","329.4152","337.384","343.2205","351.5258","359.3827",""
"Q","Quarterly","IT","Italy","Q:IT","0.0343","0.0342","0.034","0.0339","0.0338","0.0336","0.0334","0.033","0.0327","0.0324","0.0319","0.0313","0.0307","0.0301","0.0294","0.0286","0.0278","0.027","0.0262","0.0255","0.0247","0.024","0.0235","0.0233","0.023","0.0227","0.0224","0.0219","0.0215","0.0211","0.0209","0.0211","0.0213","0.0215","0.0216","0.0216","0.0217","0.0217","0.0219","0.0221","0.0222","0.0224","0.0226","0.0228","0.023","0.0231","0.0233","0.0234","0.0236","0.0237","0.0239","0.0243","0.0247","0.0251","0.0258","0.0268","0.0277","0.0287","0.0295","0.03","0.0306","0.0311","0.0323","0.0343","0.0362","0.0381","0.0522","0.0791","0.106","0.1327","0.2119","0.3461","0.4788","0.6107","0.7209","0.807","0.8921","0.9768","1.0911","1.2364","1.3802","1.5231","1.6384","1.7235","1.8924","1.9477","1.8048","1.8582","1.906","1.9108","1.7505","1.6828","1.6764","1.7874","1.9248","1.9553","2.0791","2.228","2.2147","2.1879","2.18","2.2095","2.2354","2.2524","2.22","2.2867","2.2012","2.2423","2.2465","2.3373","2.3875","2.3659","2.3507","2.4408","2.4104","2.3567","2.4397","2.4983","2.4507","2.4474","2.5182","2.5086","2.5295","2.5399","2.5268","2.5947","2.561","2.4677","2.4794","2.5157","2.5247","2.5906","2.6134","2.5869","2.5956","2.5968","2.6725","2.7235","2.7225","2.7617","2.8571","2.965","2.949","2.9496","3.1616","3.1762","3.1547","3.3052","3.4371","3.5504","3.6298","3.6293","3.5992","3.545","3.5325","3.5409","3.5806","3.608","3.5775","3.575","3.5754","3.5867","3.6652","3.7909","3.9037","4.0159","4.0219","4.0188","4.0536","4.1198","4.1805","4.2231","4.3349","4.422","4.4134","4.457","4.4","4.5","4.61","4.67","4.74","4.89","5.01","5.04","5.14","5.51","6.13","6.89","7.74","8.64","9.45","9.9799","10.2799","10.4499","10.7599","11.1599","11.5899","12.0799","12.6399","13.1299","13.4099","13.6399","13.8599","14.0899","14.4799","15.2999","16.2699","17.0999","17.8199","18.4399","19.1199","19.9799","21.3999","23.7299","26.4399","28.9498","31.2498","33.2498","34.6998","35.4298","36.0298","37.1098","38.1498","39.0198","39.7298","40.3598","40.8598","41.1898","41.4198","41.5598","41.6998","41.8498","42.0798","42.2898","42.5798","42.7698","43.0898","43.4998","43.8498","44.0998","44.7098","45.6398","46.6498","47.6098","48.9697","51.0997","53.1997","55.1197","57.2197","60.0697","62.9197","65.4397","68.0914","70.8655","72.9941","76.0975","80.0869","83.041","84.2763","86.3094","91.8559","95.6173","97.4809","98.5483","99.6388","100.4566","101.4271","100.3335","99.6095","98.7471","99.588","98.9426","98.3682","99.4232","100.6383","101.5702","102.59","103.0766","104.315","105.3778","107.069","107.2769","107.3293","107.8221","106.3528","107.5034","107.7206","107.7497","107.5218","108.2119","108.7432","109.3532","110.9073","111.8483","113.3778","114.6824","116.0101","117.4812","120.0009","123.2062","130.2744","133.0206","134.6194","135.6191","138.6904","140.5464","143.1525","144.0411","145.5322","148.4741","152.3632","154.6966","157.6446","160.5588","163.6901","165.1626","166.9431","170.1777","173.269","174.4334","176.7299","178.7523","181.212","182.167","183.3314","185.1597","185.9513","183.1203","183.7674","183.5733","183.8489","182.6521","179.9012","181.5956","182.9817","183.1358","182.2116","185.9082","185.2921","184.0599","183.2899","181.9036","178.5151","174.9725","170.1977","169.7357","167.2713","164.9609","162.8044","161.2643","159.4159","156.9515","153.563","153.7171","155.1032","153.7171","153.7171","154.7952","155.1032","154.025","152.6388","153.4089","152.7928","152.1767","151.8688","152.7928","151.5606",""
"Q","Quarterly","JP","Japan","Q:JP","","","","","","","","","","","","","","","","","","","","","","","","","","","","","","","","","","","","","","","","","","","","","","","","","","","","","","","","","","","","","","","","","","","","","","","","","","","","","","","","","","","","","","","","","","","","","","","","","","","","","","","","","","","","","","","","","1.3742","1.4157","1.4578","1.5116","1.5653","1.655","1.7446","1.8611","1.9776","2.0816","2.1867","2.3092","2.4317","2.5772","2.7244","2.8678","3.0112","3.1894","3.3697","3.5369","3.7042","3.9821","4.2599","4.6811","5.1023","5.5033","5.9089","6.1807","6.4525","6.7199","6.9903","7.2292","7.4682","7.7059","7.9462","8.215","8.4839","8.7826","9.0814","9.41","9.7386","9.8574","9.9775","10.1568","10.336","10.544","10.7542","11.053","11.3517","11.7973","12.2479","12.7557","13.2636","13.8311","14.3987","15.1157","15.8326","16.7239","17.625","18.5212","19.4174","20.3086","21.2097","22.0462","22.8826","23.7144","24.5555","25.3621","26.1686","27.3337","28.4987","31.1275","33.7564","36.5192","39.3127","40.9557","42.5987","42.9552","43.3157","42.061","40.8064","40.9252","41.0453","41.2246","41.4038","41.7623","42.1208","42.5689","43.0169","43.4923","43.9729","44.5106","45.0483","45.791","46.5419","47.4979","48.4538","49.8204","51.2021","52.9049","54.6076","56.4","58.1924","59.7458","61.2991","62.7548","64.2267","65.5411","66.8555","67.925","69.0064","69.8727","70.739","71.4223","72.1131","72.7106","73.308","73.8159","74.3237","74.8316","75.3394","75.7256","76.1161","76.5343","76.9525","77.4873","78.028","79.2229","80.4178","82.8835","85.3767","86.243","87.1093","88.0055","88.9017","90.3655","91.8292","93.9979","96.1907","99.8949","103.5991","107.1938","110.8284","112.2025","113.5767","113.4281","113.278","112.0233","110.7686","109.3945","108.0203","106.6462","105.272","104.3808","103.4797","102.8225","102.1652","101.7493","101.3288","100.9703","100.6119","100.2257","99.8352","99.3273","98.8195","98.3714","97.9233","97.6246","97.3258","97.0585","96.7881","96.4297","96.0712","95.5959","95.1152","94.3087","93.5021","92.7297","91.9487","91.0525","90.1563","89.2602","88.364","87.408","86.4521","85.442","84.4208","83.2856","82.1504","81.0215","79.8801","78.5955","77.311","76.0336","74.7419","73.547","72.3521","71.2767","70.2013","69.335","68.4686","67.6962","66.9152","66.3775","65.8398","65.4833","65.1229","64.9735","64.8241","64.735","64.6449","64.4955","64.3462","63.928","63.5097","62.8525","61.6436","60.7115","61.6022","61.0636","61.8922","61.9957","62.3686","62.2857","62.41","62.12","62.5136","61.6643","62.0993","61.4365","61.6022","61.3951","61.8093","62.4929","63.135","63.1143","63.715","63.425","63.8185","63.4871","65.2271","65.0199","65.6413","64.7299","66.2835","66.9463","66.8013","66.3663","68.8727","68.2927","68.4377","67.5677","69.929","69.5976","69.4526",""
"Q","Quarterly","KR","Korea","Q:KR","","","","","","","","","","","","","","","","","","","","","","","","","","","","","","","","","","","","","","","","","","","","","","","","","","","","","","","","","","","","","","","","","","","","","","","","","","","","","","","","","","","","","","","","","","","","","","","","","","","","","","","","","","","","","","","","","","","","","","","","","","","","","","","","","","","","","","","","","","","","","","","","","","","","","","","","","","","","","","","","","","","","","","","","","","","","","","","","","","","","","","","","","","","","","","","","","9.8631","11.0056","12.1393","12.9689","13.3492","14.0556","15.1817","15.6535","16.9693","18.2097","20.2444","22.3254","25.7064","28.4097","30.573","31.1528","32.2575","34.4962","34.4679","33.9533","36.4396","37.7764","37.9116","38.8434","39.4767","40.1213","41.4829","41.1957","41.3007","41.7143","43.0612","44.9751","47.9791","49.9923","51.6762","53.0412","55.3303","57.0489","58.2021","58.8846","59.8335","60.9272","61.959","62.7935","66.7718","66.0381","65.5349","65.2014","64.7467","64.7528","65.8744","69.2091","72.1739","76.1027","78.734","78.8068","82.0626","88.453","88.6834","89.7869","94.7464","101.6461","103.944","108.473","111.3408","115.2636","113.9358","110.5708","107.8789","105.8053","104.1441","103.8773","103.271","102.404","101.0459","100.4517","100.2819","100.1182","100.0515","100.1485","100.0515","100.0515","99.9485","99.9485","100.2516","100.5851","100.7124","101.3066","103.2407","103.8409","103.8773","103.8106","100.8094","93.7157","91.5573","90.5205","91.9574","92.4607","93.4489","93.9461","94.419","94.7464","94.71","94.613","94.413","96.25","100.0152","102.7374","108.7398","113.0385","116.9673","120.2292","120.9992","124.5218","126.7045","128.1656","127.044","127.3835","126.4013","125.2069","124.7522","126.7226","129.1115","129.5116","130.7849","133.8164","135.417","141.5285","146.4274","147.0701","147.9189","148.992","150.3623","153.5332","155.3885","154.8549","152.7026","152.7026","154.0546","155.8735","156.789","157.553","157.4438","158.4685","161.2272","165.0711","167.5205","169.6123","170.5642","171.0553","170.643","170.1034","169.7942","169.679","169.6001","170.2913","171.1468","172.0302","172.6183","173.8618","174.9301","177.1195","179.3822","181.4121","182.1493","182.4446","183.0691","184.1095","184.426","184.7061","185.7307","186.4268","187.4132","188.3639","189.6553","192.3479"
"Q","Quarterly","MY","Malaysia","Q:MY","","","","","","","","","","","","","","","","","","","","","","","","","","","","","","","","","","","","","","","","","","","","","","","","","","","","","","","","","","","","","","","","","","","","","","","","","","","","","","","","","","","","","","","","","","","","","","","","","","","","","","","","","","","","","","","","","","","","","","","","","","","","","","","","","","","","","","","","","","","","","","","","","","","","","","","","","","","","","","","","","","","","","","","","","","","","","","","","","","","","","","","","","","","","","","","","","","","","","","","","","","","","","","","","","","","","","","","","","","","","","","","","","","","","","","","","","","","","","","","","","","","","","47.7223","48.0762","49.7362","50.1604","50.7638","51.0186","51.2191","50.9898","51.5624","51.6155","52.0868","56.9617","61.5459","66.5543","68.4457","69.7487","72.016","74.7222","75.6661","76.2383","77.0806","77.9264","78.5571","79.5117","81.9603","81.869","84.7732","89.4664","94.4788","98.4233","101.8984","105.1996","109.1924","112.4747","114.526","115.4823","117.3161","117.5727","115.1011","110.2987","108.6374","104.9095","101.7222","101.7421","100.1309","100.5597","102.1678","104.2048","104.9552","107.957","108.7074","108.9218","107.8498","108.7074","109.7795","109.7795","109.7795","111.602","113.2101","115.0326","114.9254","114.8182","118.5704","119.2137","120.929","121.2506","121.5722","122.2155","123.2875","125.3245","124.7884","125.3245","126.1821","127.0398","127.3614","131.2208","132.2929","132.6145","134.2226","134.973","137.9748","138.1892","140.8694","138.2964","138.8383","141.6932","143.6466","145.2994","146.0507","150.859","153.2631","156.719","159.8744","164.0817","168.2889","174.2992","180.1593","186.1696","190.5271","199.242","199.9933","207.5062","215.7704","217.874","220.4284","228.3921","234.8532","236.8065","240.7132","244.6199","251.081","252.1328","258.1431","262.0498","268.2104","269.713","275.4228","279.9305","285.6403","286.2414","287.2932","290.1481","288.6455",""
"Q","Quarterly","NL","Netherlands","Q:NL","","","","","","","","","","","","","","","","","","","","","","","","","","","","","","","","","","","","","","","","","","","","","","","","","","","","","","","","","","","","","","","","","","","","","","","","","","","","","","","","","","","","","","","","","","","","","","","","","","","","","","","","","","","","","","","","","","","","","","","","","","","","","","","","","","","","","","","","","","","","","","","","","","","","","","","","","","","","","","","","","","","","","","","","","","","","","19.8046","20.7653","21.3457","21.716","22.3465","23.1571","23.3672","23.9677","24.8983","25.9391","26.1693","27.5103","28.481","30.2323","30.8127","32.514","34.3153","36.3568","37.2975","39.1488","39.9995","41.7207","43.2619","45.4535","47.6951","52.8689","56.3415","60.5146","67.4197","77.0167","77.6472","79.0983","81.0197","85.8232","79.6487","79.7488","78.4678","78.9882","76.9267","74.8551","73.9845","73.324","68.3303","68.0902","68.3704","65.5883","62.506","58.7633","57.1121","56.7718","57.3222","55.8612","56.5717","58.7032","58.8033","57.042","57.4023","57.4223","57.7425","56.9319","56.972","58.1028","57.3222","57.5024","58.9634","59.9942","61.065","60.7948","62.1058","63.5068","63.2466","63.3367","63.777","66.2488","66.8793","66.8793","68.0501","70.4419","71.4326","71.4226","71.2725","73.5942","71.4326","70.6721","71.5527","73.5542","73.8044","75.4156","78.5279","76.9967","81.7302","81.7202","83.1613","85.2528","87.5845","89.2558","92.6082","93.8291","97.3917","96.1308","97.4118","98.5882","101.4118","102.5882","105.4118","109.1765","112.9412","115.2941","119.0588","122.3529","125.8824","128.4706","131.5294","135.0588","139.5294","143.5294","149.1765","155.5294","163.7647","170.8235","178.5882","185.6471","193.6471","198.1176","202.8235","208.2353","213.6471","215.5294","219.2941","222.3529","226.1176","225.8824","228","230.3529","232.4706","235.0588","237.6471","240.2353","243.7647","244.4706","246.8235","249.659","252.9906","254.2193","257.031","260.4337","263.4107","265.7026","269.2469","271.6098","276.9027","279.5017","279.6673","280.0924","283.684","277.8713","274.9888","267.0732","264.7339","264.5212","263.7179","263.4107","263.6471","262.1112","262.4421","258.8504","257.6217","253.085","248.2649","244.1534","234.6548","235.6471","229.244","224.5181","225.9595","225.227","226.3612","227.3772","228.8423","229.7873","232.1974","234.2531","238.9787","239.7113","242.9247","244.7443","250.8403","254.054","259.1339","263.198","269.4124","275.6266","283.2116","288.4299","296.2573",""
"Q","Quarterly","NO","Norway","Q:NO","","","","","","","","","","","","","","","","","","","","","","","","","","","","","","","","","","","","","","","","","","","","","","","","","","","","","","","","","","","","","","","","","","","","","","","","","","","","","","","","","","","","","","","","","","","","","","","","","","","","","","","","","","","","","","","","","","","","","","","","","","","","","","","","","","","","","","","","","","","","","","","","","","","","","","","","","","","","","","","","","","","","","","","","","","","","","15.4485","15.4485","15.4485","15.4485","16.2884","16.2884","16.2884","16.2884","17.5383","18.8381","18.7881","18.3382","19.0881","19.938","19.2881","18.5182","18.4782","19.878","20.588","21.2279","21.9078","22.8477","22.4478","21.8878","21.0079","23.6276","23.7476","23.4877","26.5774","27.8172","28.0672","27.7972","29.787","30.497","30.9769","31.7968","32.8067","33.2067","32.8867","33.0667","32.4668","34.9265","37.3563","39.4661","42.0958","46.1054","48.7951","50.645","54.0946","57.7443","58.4542","59.1241","59.4841","59.4741","60.634","62.0638","63.7537","65.7435","66.3434","65.8634","65.6535","67.0133","69.6931","73.8227","79.8221","87.1813","93.7707","97.8203","108.1192","110.289","111.0889","112.0688","113.5487","112.5588","109.0391","104.7396","98.9002","96.8704","93.2007","90.781","92.0308","93.3407","91.1009","88.2412","86.4814","86.4814","85.3215","83.7017","81.5619","81.9958","82.4295","80.2603","77.2235","81.1279","84.165","86.7678","89.371","91.9741","95.8785","95.4448","95.8785","99.7832","101.5184","102.82","103.6876","108.4599","110.629","113.2322","114.9674","123.2104","124.078","125.8136","131.0195","139.2626","137.961","134.0566","139.2626","150.5424","153.5791","159.2191","168.7637","180.0435","174.8376","174.8376","180.9111","188.7202","188.7202","188.2865","194.3601","201.3016","194.7941","193.4925","197.8308","199.1324","198.6988","201.3016","216.0521","219.5229","219.9568","222.5596","231.6703","238.1781","240.3473","240.3473","255.5315","268.1129","276.7899","280.2603","297.614","308.8938","308.4602","301.5187","308.4602","312.3646","301.9524","280.6943","292.4081","307.5923","313.2322","313.2322","323.6444","335.7918","334.0566","333.6226","350.9763","360.521","361.8222","360.087","373.1023","385.2498","387.4189","384.8158","396.5296","407.3754","399.5664","388.7205","397.8312","413.0154","413.4493","411.2802","426.4643","440.3473","438.6121","429.9351","445.9872","464.6425","473.3192","473.3192","491.1065","496.7464","485.033","476.7899","485.9006","504.9895","499.3495","487.6358"
"Q","Quarterly","NZ","New Zealand","Q:NZ","","","","","","","","","","","","","","","","","","","","","","","","","","","","","","","","","","","","","","","","","","","","","","","","","","","","","","","","","","","","","","","","","","","","","","","","","","","","","","","","","","","","","","","","","","","","","","","","","","","","","","","","","","","","","","","","","","","","","","","","","","","","","","","","","","","","","","","","","","","","","","","","","","","","","","","","","","","","","","","","","","","","","","","","","","","","","6.2115","6.3516","6.4916","6.6716","6.8817","7.0917","7.2318","7.4018","7.6819","8.002","8.252","8.6021","9.1222","9.7924","10.5326","11.5128","12.8131","14.0734","14.9537","15.3738","15.4438","15.4438","15.6538","16.0039","16.354","16.6741","16.8441","17.1242","17.5143","17.9044","18.0044","17.9744","18.0044","18.1144","18.2845","18.4945","18.8446","19.0947","19.3047","19.5448","19.9727","20.606","21.2904","21.958","22.8649","24.8332","26.7158","28.8893","31.3539","33.9893","34.7596","35.5297","36.026","36.6934","37.6005","38.8328","40.2019","41.5369","42.7008","43.8987","45.4389","47.1848","49.016","50.5562","51.5831","52.3018","53.4657","54.561","57.6759","60.5511","63.4949","66.4044","68.3211","70.2891","70.7513","71.1792","72.9935","73.6608","75.0642","76.3819","78.0251","78.8295","78.9833","78.5214","77.135","76.3306","76.9809","76.5703","76.1938","77.3061","77.8026","77.888","78.7095","79.4455","80.9686","82.7999","87.4723","90.3988","93.1199","94.8655","96.7141","98.4083","101.1638","103.7138","108.5059","110.2174","110.3885","112.1001","115.8651","117.063","117.4055","117.5766","116.2075","114.1538","114.3249","115.1807","116.7208","118.0899","118.0899","116.8919","117.2344","116.8919","117.063","116.5497","117.7477","118.0899","119.2881","121.1708","125.6204","128.5983","132.6204","137.9772","145.5588","150.6077","160.2944","171.145","178.8123","182.5262","186.411","192.4868","201.3007","206.4523","212.2197","220.4176","225.9628","227.9651","233.2706","241.5028","251.549","258.6","259.7467","259.9864","258.4289","247.082","242.307","236.7107","234.8794","239.4318","244.8572","249.5464","249.7518","246.9964","245.4903","245.3705","246.8596","248.7936","251.9766","252.3018","254.715","258.7371","264.0082","269.6218","274.3112","282.0982","291.1346","294.3866","296.0124","302.0879","304.9804","313.0413","322.9507","336.1288","351.3607","348.9989","360.8591","383.6558","397.5697","401.6431","408.386","409.1734","412.0829","417.936","423.0189","423.9604","427.2121",""
"Q","Quarterly","SE","Sweden","Q:SE","","","","","","","","","","","","","","","","","","","","","","","","","","","","","","","","","","","","","","","","","","","","","","","","","","","","","","","","","","","","","","","","","","","","","","","","","","","","","","","","","","","","","","","","","","","","","","","","","","","","","","","","","","","","","","","","","","","","","","","","","","","","","","","","","","","","","","","","","","","","","","","","","","","","","","","","","","","","","","","","","","","","","","","","","","","","","19.5601","20.0502","20.0502","20.4902","20.6002","21.0902","21.0902","21.5802","22.1302","22.6702","22.6702","23.2202","23.7602","24.3102","24.3102","24.8502","25.4002","25.9402","26.5402","28.1702","29.2102","30.8402","31.9302","33.0803","34.1703","36.0203","38.0403","38.0903","39.6203","41.9603","43.1103","44.2003","44.5803","47.4704","49.7504","49.6504","50.1904","52.9204","54.8804","54.4404","53.8404","54.7104","55.5304","54.0104","54.3304","54.7104","54.1104","52.9204","53.5204","54.8804","55.3704","54.7104","54.3304","54.9904","55.1004","55.5304","55.4804","57.2204","57.8204","57.8704","58.4204","59.8905","60.0005","59.5605","60.4905","61.5804","63.2153","64.8501","67.5749","69.2098","71.3896","74.1144","77.9292","81.1989","86.1035","88.2834","93.733","98.0926","101.9074","102.4523","108.4469","110.6267","112.8065","111.1717","118.8011","118.2561","118.8011","117.7112","112.2616","110.0817","106.812","99.7275","95.3678","95.3678","94.8229","95.9128","97.5477","100.2725","101.3624","99.7275","99.7275","101.3624","100.2725","98.6376","99.1826","100.2725","101.9074","101.9074","103.5422","107.3569","109.5368","109.5368","112.8065","116.6213","119.891","121.5259","123.1608","128.0654","131.8801","131.8801","135.6948","142.2343","147.139","147.6839","152.0436","154.2234","156.9482","154.7684","157.4932","162.3978","168.3924","168.9373","170.0272","173.842","177.6567","179.2916","183.1063","190.7357","195.0954","197.2752","198.3651","205.0756","213.1002","218.7165","226.4247","232.968","239.1929","240.5842","249.8887","265.2051","274.8134","266.8512","267.6386","272.8566","270.903","256.8511","263.5227","271.4136","278.8774","286.2526","290.9333","294.4721","299.0719","303.6453","305.0752","306.8903","306.0892","299.7857","304.0864","307.3362","309.6771","311.0942","316.8997","322.0541","327.8735","332.9052","342.384","350.0979","361.7855","367.5452","381.9634","395.663","411.1757","419.5657","429.6196","430.1596","440.4383","446.9127","458.2005","467.0125","473.5234","460.141","456.3214","458.9282","463.5767",""
"Q","Quarterly","TH","Thailand","Q:TH","","","","","","","","","","","","","","","","","","","","","","","","","","","","","","","","","","","","","","","","","","","","","","","","","","","","","","","","","","","","","","","","","","","","","","","","","","","","","","","","","","","","","","","","","","","","","","","","","","","","","","","","","","","","","","","","","","","","","","","","","","","","","","","","","","","","","","","","","","","","","","","","","","","","","","","","","","","","","","","","","","","","","","","","","","","","","","","","","","","","","","","","","","","","","","","","","","","","","","","","","","","","","","","","","","","","","","","","","","","","","","","","","","","","","","","","","","","","","","","","","","","","","","","","","","","","","","","","","67.7492","75.8308","77.0393","81.4955","83.6103","84.8187","85.574","88.8218","90.3323","95.1662","95.4683","95.8459","90.861","94.0332","93.8066","97.281","96.9789","98.4894","101.7372","102.7946","101.8127","105.136","100.3021","101.0574","104.3807","110.574","110.6495","109.3656","112.8399","101.435","106.4955","105.136","104.0785","82.4773","100.6798","96.9789","97.5076","100.7553","97.9607","100.3021","101.7372","98.2628","96.4502","99.0181","98.9426","99.8489","99.6979","99.6224","100.9819","101.1329","102.719","105.0604","105.9668","107.3263","107.9305","110.8761","114.3505","115.6344","117.6737","118.8822","120.0151","121.3746","120.6193","121.9789","120.4683","121.6012","123.716","123.4894","113.9236","118.3937","124.0132","127.4616","124.9073","125.8013","127.8447","130.6545","128.2279","129.2496","132.698","132.9534","135.38","138.4453","135.6355","136.0186","138.0621","138.9561","140.4887","146.1083","147.6409","151.3447","155.4316","153.3881","155.3039","159.5186","164.4995","163.3501","165.3935","163.0946","165.3935","165.1381","165.2658","170.7577","167.6925","164.4995","164.2441","165.5213","168.0756","171.0131","175.8663","175.9941","178.5484","178.6761"
"Q","Quarterly","US","United States","Q:US","","","","","","","","","","","","","","","","","","","","","","","","","","","","","","","","","","","","","","","","","","","","","","","","","","","","","","","","","","","","","","","","","","","","","","","","","","","","","","","","","","","","","","","","","","","","","","","","","","","","","","","","","","","","","","","","","","","","","","","","","","","","","","","","","","","","","","","","","","","","","","","","","","","","","","","","","","","","","","","","","","","","","","","","","","","","","17.5558","17.6849","17.9631","18.1916","18.6884","19.1951","19.4037","19.8707","19.9303","20.4966","20.904","21.361","22.3048","22.8414","23.4275","23.9243","24.5105","24.9874","25.6531","25.812","26.4976","27.2526","27.7395","28.2561","29.4238","29.6251","30.8255","31.9906","33.2902","34.7634","36.014","37.2106","38.6047","39.9785","41.4818","42.9273","44.6744","46.6076","48.4088","50.0856","51.1867","52.1143","53.4467","54.5791","55.5962","56.3679","56.8492","57.4161","57.7353","57.8208","57.8648","58.213","58.8138","59.5969","60.4101","61.1707","61.96","62.723","63.4846","64.0579","64.8661","65.9659","66.881","68.1605","69.4627","70.8641","72.4957","74.0255","75.9586","77.7347","79.3938","80.9864","82.3514","84.3375","86.7219","88.8826","90.7868","92.0753","93.3108","94.5917","95.5645","95.7367","95.4037","94.8782","94.3842","94.6708","94.5803","94.3101","94.5149","94.3527","94.2071","94.5149","94.7939","95.2088","95.9529","96.7824","97.1746","97.6939","98.1841","98.5888","99.0375","99.6258","100.3673","100.9694","101.7801","102.5104","103.0648","103.7221","104.5668","105.61","106.9172","108.5614","110.4869","112.1789","114.1371","116.2438","118.0625","120.3778","122.7938","125.3856","128.5419","131.7997","134.6933","137.7678","140.9302","143.5069","146.1931","148.6278","151.3378","155.2118","159.0605","162.4355","165.716","169.2869","174.1854","179.9044","186.1602","193.4493","200.3952","207.8263","216.4616","225.0226","232.7931","239.5869","243.4822","242.7129","240.8979","240.2644","237.5946","230.7304","223.5934","216.3986","207.4919","197.6375","188.5371","178.9329","173.6435","173.5305","174.2898","174.8993","174.9055","173.7806","170.4823","168.8346","167.3124","166.7265","167.4933","167.5361","169.3499","173.4865","176.9682","180.7277","185.3157","190.2881","194.9163","198.8869","201.3831","202.7519","205.511","208.6911","211.3545","213.9401","216.9932","220.1016","222.8506","225.4361","228.8009","232.4436","235.4377","238.7396","242.9014","246.6648","250.4544","253.5327","256.2842",""
"Q","Quarterly","ZA","South Africa","Q:ZA","","","","","","","","","","","","","","","","","","","","","","","","","","","","","","","","","","","","","","","","","","","","","","","","","","","","","","","","","","","","","","","","","","","","","","","","","","","","","","","","","","","","","","","","","","","","","","","","","","","","","","","","","","","","","","","","","","","","","","","","","","","","","","","","","","","","","","","","","","","","","","","","","","","","","","","","","","","","","5.4182","5.5234","5.4708","5.6812","6.3125","6.5229","6.7333","6.7333","6.6281","6.6807","6.9437","7.2067","7.3119","7.5224","7.7328","7.9432","8.364","8.7322","8.9427","9.0479","9.1531","9.3635","9.4687","9.5739","9.6265","9.6265","9.9421","10.2578","10.7312","11.0468","11.6781","12.1515","12.1515","12.3619","12.4145","12.4671","13.2036","13.414","13.4666","13.7822","14.0452","14.3609","14.3609","14.3083","14.3609","14.5713","14.5713","14.6765","14.8343","14.8869","15.2025","15.7286","16.0968","16.6228","17.3067","17.9905","18.6744","19.9369","21.778","23.8296","25.8811","28.0905","30.2998","32.141","33.4561","34.5608","35.5076","36.5071","38.6639","41.031","43.0826","45.555","46.607","46.5018","45.9232","44.6081","43.293","42.5039","41.8727","41.7675","41.2941","40.5576","40.2946","40.5576","41.9779","43.7664","45.3446","47.4487","49.1846","50.2367","52.1305","53.919","55.6023","58.1799","60.2841","61.5992","64.2294","67.1752","68.7533","70.121","72.3304","75.3814","78.2746","80.5366","80.9048","79.4319","78.8532","80.7996","82.1147","82.7985","84.6397","86.3756","88.6902","92.1094","94.7396","96.3177","98.3167","100.1052","100.526","101.0521","102.3672","103.2614","103.8401","104.9448","106.1547","109.3109","114.9395","120.989","124.8816","127.354","130.6681","130.8259","130.5103","133.5087","135.3498","139.6107","148.6586","155.1815","160.3367","167.1226","173.9736","176.1407","182.3374","188.9732","195.0802","200.7965","206.5886","214.8828","223.5286","235.2781","248.5631","268.3561","292.9548","314.2893","335.4255","363.0631","392.1058","410.7799","428.781","449.2407","465.1249","481.6363","499.128","514.2168","532.0711","559.666","576.2518","576.2199","573.0001","557.927","545.4439","546.0913","545.1715","542.2988","545.0869","553.6282","566.0756","571.7474","571.0159","573.6543","578.3449","586.0852","591.3566","597.4544","605.9098","613.2209","622.2768","631.9129","642.2458","651.1349","662.0038","676.4438","695.2651","705.6508","714.3574","723.0952","737.2378","750.6992","757.2436","767.1951","782.8453","796.2665","800.4888","804.9274","820.8527","829.5964","833.8288","837.2607","845.3393","861.6749","867.3137","870.4421"
